attention,meditation,rawValue,delta,theta,lowAlpha,highAlpha,lowBeta,highBeta,lowGamma,midGamma,poorSignal,blinkStrength
0,0,312,0,0,0,0,0,0,0,0,0,0
0,0,28,0,0,0,0,0,0,0,0,0,0
0,0,-102,0,0,0,0,0,0,0,0,0,0
0,0,136,0,0,0,0,0,0,0,0,0,0
0,0,1370,0,0,0,0,0,0,0,0,0,0
27,27,178,944026,1447856,173455,87294,14155,307916,7508,1413456,0,0
27,27,52,944026,1447856,173455,87294,14155,307916,7508,1413456,0,0
27,27,-406,944026,1447856,173455,87294,14155,307916,7508,1413456,0,0
27,27,-1141,944026,1447856,173455,87294,14155,307916,7508,1413456,0,0
27,27,-309,944026,1447856,173455,87294,14155,307916,7508,1413456,0,0
27,27,91,944026,1447856,173455,87294,14155,307916,7508,1413456,0,0
27,27,168,944026,1447856,173455,87294,14155,307916,7508,1413456,0,0
27,27,871,944026,1447856,173455,87294,14155,307916,7508,1413456,0,0
27,27,186,1317845,21698,1793,1635,3294,1503,634,2820,51,0
27,27,186,1317845,21698,1793,1635,3294,1503,634,2820,51,0
27,27,-121,1317845,21698,1793,1635,3294,1503,634,2820,51,0
27,27,25,1317845,21698,1793,1635,3294,1503,634,2820,51,0
27,27,140,1317845,21698,1793,1635,3294,1503,634,2820,51,0
27,27,-118,1317845,21698,1793,1635,3294,1503,634,2820,51,0
27,27,602,1317845,21698,1793,1635,3294,1503,634,2820,51,0
27,27,602,1317845,21698,1793,1635,3294,1503,634,2820,51,0
27,27,-60,1317845,21698,1793,1635,3294,1503,634,2820,51,0
27,27,53,1317845,21698,1793,1635,3294,1503,634,2820,51,0
27,27,-420,1317845,21698,1793,1635,3294,1503,634,2820,51,0
27,27,-235,1317845,21698,1793,1635,3294,1503,634,2820,51,0
27,27,-42,1317845,21698,1793,1635,3294,1503,634,2820,51,0
27,27,-46,1317845,21698,1793,1635,3294,1503,634,2820,51,0
27,27,215,1317845,21698,1793,1635,3294,1503,634,2820,51,0
27,27,-12,1317845,21698,1793,1635,3294,1503,634,2820,51,0
27,27,86,1317845,21698,1793,1635,3294,1503,634,2820,51,0
13,37,-37,398559,315159,66649,28119,23968,20500,2405,304799,0,0
13,37,166,398559,315159,66649,28119,23968,20500,2405,304799,0,0
13,37,166,398559,315159,66649,28119,23968,20500,2405,304799,0,0
13,37,166,398559,315159,66649,28119,23968,20500,2405,304799,0,0
13,37,746,398559,315159,66649,28119,23968,20500,2405,304799,0,0
13,37,-129,398559,315159,66649,28119,23968,20500,2405,304799,0,0
13,37,-61,398559,315159,66649,28119,23968,20500,2405,304799,0,0
1,20,85,640098,83953,11268,11170,8913,4771,2218,62250,0,0
1,20,-84,640098,83953,11268,11170,8913,4771,2218,62250,0,0
1,20,168,640098,83953,11268,11170,8913,4771,2218,62250,0,0
1,20,119,640098,83953,11268,11170,8913,4771,2218,62250,0,0
1,20,-3,640098,83953,11268,11170,8913,4771,2218,62250,0,0
1,20,-8,640098,83953,11268,11170,8913,4771,2218,62250,0,0
1,20,155,640098,83953,11268,11170,8913,4771,2218,62250,0,0
1,20,74,640098,83953,11268,11170,8913,4771,2218,62250,0,0
1,20,2,640098,83953,11268,11170,8913,4771,2218,62250,0,0
1,29,-30,665124,289410,39941,35113,11373,11765,1424,270647,0,0
1,29,156,665124,289410,39941,35113,11373,11765,1424,270647,0,0
1,29,132,665124,289410,39941,35113,11373,11765,1424,270647,0,0
1,29,90,665124,289410,39941,35113,11373,11765,1424,270647,0,0
1,29,-74,665124,289410,39941,35113,11373,11765,1424,270647,0,0
1,29,123,665124,289410,39941,35113,11373,11765,1424,270647,0,0
1,29,3,665124,289410,39941,35113,11373,11765,1424,270647,0,0
1,29,-289,665124,289410,39941,35113,11373,11765,1424,270647,0,0
1,11,157,42887,7774,1083,2102,917,634,37,15463,0,0
1,11,-62,42887,7774,1083,2102,917,634,37,15463,0,0
1,11,-65,42887,7774,1083,2102,917,634,37,15463,0,0
1,11,151,42887,7774,1083,2102,917,634,37,15463,0,0
1,11,27,42887,7774,1083,2102,917,634,37,15463,0,0
1,11,37,42887,7774,1083,2102,917,634,37,15463,0,0
1,11,107,42887,7774,1083,2102,917,634,37,15463,0,0
1,11,-179,42887,7774,1083,2102,917,634,37,15463,0,0
1,24,41,867204,80645,6628,48303,23243,6463,1843,244959,0,0
1,24,199,867204,80645,6628,48303,23243,6463,1843,244959,0,0
1,24,-82,867204,80645,6628,48303,23243,6463,1843,244959,0,0
1,24,-86,867204,80645,6628,48303,23243,6463,1843,244959,0,0
1,24,231,867204,80645,6628,48303,23243,6463,1843,244959,0,0
1,24,200,867204,80645,6628,48303,23243,6463,1843,244959,0,0
1,24,69,867204,80645,6628,48303,23243,6463,1843,244959,0,0
1,24,-68,867204,80645,6628,48303,23243,6463,1843,244959,0,0
1,20,23,1045474,248533,17194,33962,30362,7177,402,259857,0,0
1,20,-45,1045474,248533,17194,33962,30362,7177,402,259857,0,0
1,20,75,1045474,248533,17194,33962,30362,7177,402,259857,0,0
1,20,114,1045474,248533,17194,33962,30362,7177,402,259857,0,0
1,20,-78,1045474,248533,17194,33962,30362,7177,402,259857,0,0
1,20,-78,1045474,248533,17194,33962,30362,7177,402,259857,0,0
1,20,-40,1045474,248533,17194,33962,30362,7177,402,259857,0,0
1,20,-201,1045474,248533,17194,33962,30362,7177,402,259857,0,0
1,20,-201,1045474,248533,17194,33962,30362,7177,402,259857,0,0
1,20,166,1045474,248533,17194,33962,30362,7177,402,259857,0,0
1,20,76,1045474,248533,17194,33962,30362,7177,402,259857,0,0
1,20,196,1045474,248533,17194,33962,30362,7177,402,259857,0,0
1,20,54,1045474,248533,17194,33962,30362,7177,402,259857,0,0
1,20,-11,1045474,248533,17194,33962,30362,7177,402,259857,0,0
1,20,66,1045474,248533,17194,33962,30362,7177,402,259857,0,0
1,20,-110,1045474,248533,17194,33962,30362,7177,402,259857,0,0
8,11,338,1070335,826091,133526,91824,72646,92482,9961,911331,0,0
8,11,-46,1070335,826091,133526,91824,72646,92482,9961,911331,0,0
8,11,76,1070335,826091,133526,91824,72646,92482,9961,911331,0,0
8,11,82,1070335,826091,133526,91824,72646,92482,9961,911331,0,0
8,11,1,1070335,826091,133526,91824,72646,92482,9961,911331,0,0
8,11,233,1070335,826091,133526,91824,72646,92482,9961,911331,0,0
8,11,72,1070335,826091,133526,91824,72646,92482,9961,911331,0,0
8,11,-77,1070335,826091,133526,91824,72646,92482,9961,911331,0,0
8,11,96,1070335,826091,133526,91824,72646,92482,9961,911331,0,0
3,10,186,1610137,235616,98501,31211,20215,9277,2065,236513,0,0
3,10,186,1610137,235616,98501,31211,20215,9277,2065,236513,0,0
3,10,186,1610137,235616,98501,31211,20215,9277,2065,236513,0,0
3,10,257,1610137,235616,98501,31211,20215,9277,2065,236513,0,0
3,10,257,1610137,235616,98501,31211,20215,9277,2065,236513,0,0
3,10,-65,1610137,235616,98501,31211,20215,9277,2065,236513,0,0
3,10,-38,1610137,235616,98501,31211,20215,9277,2065,236513,0,0
3,10,134,1610137,235616,98501,31211,20215,9277,2065,236513,0,0
11,37,107,1611977,311154,80614,132793,25447,23303,5727,876693,0,0
11,37,60,1611977,311154,80614,132793,25447,23303,5727,876693,0,0
11,37,169,1611977,311154,80614,132793,25447,23303,5727,876693,0,0
11,37,-8,1611977,311154,80614,132793,25447,23303,5727,876693,0,0
11,37,114,1611977,311154,80614,132793,25447,23303,5727,876693,0,0
11,37,16,1611977,311154,80614,132793,25447,23303,5727,876693,0,0
11,37,-13,1611977,311154,80614,132793,25447,23303,5727,876693,0,0
11,37,108,1611977,311154,80614,132793,25447,23303,5727,876693,0,0
1,24,74,1251485,66716,6117,4613,7670,2630,1674,213324,0,0
1,24,10,1251485,66716,6117,4613,7670,2630,1674,213324,0,0
1,24,10,1251485,66716,6117,4613,7670,2630,1674,213324,0,0
1,24,-33,1251485,66716,6117,4613,7670,2630,1674,213324,0,0
1,24,19,1251485,66716,6117,4613,7670,2630,1674,213324,0,0
1,24,59,1251485,66716,6117,4613,7670,2630,1674,213324,0,0
1,24,-1,1251485,66716,6117,4613,7670,2630,1674,213324,0,0
1,24,119,1251485,66716,6117,4613,7670,2630,1674,213324,0,0
1,21,17,404893,91223,8056,14298,20243,8233,1706,203631,0,0
1,21,0,404893,91223,8056,14298,20243,8233,1706,203631,0,0
1,21,60,404893,91223,8056,14298,20243,8233,1706,203631,0,0
1,21,154,404893,91223,8056,14298,20243,8233,1706,203631,0,0
1,21,-6,404893,91223,8056,14298,20243,8233,1706,203631,0,0
1,21,177,404893,91223,8056,14298,20243,8233,1706,203631,0,0
1,21,152,404893,91223,8056,14298,20243,8233,1706,203631,0,0
1,21,135,404893,91223,8056,14298,20243,8233,1706,203631,0,0
35,3,307,376918,533110,60721,46675,49656,131925,12458,864401,0,0
35,3,185,376918,533110,60721,46675,49656,131925,12458,864401,0,0
35,3,27,376918,533110,60721,46675,49656,131925,12458,864401,0,0
35,3,107,376918,533110,60721,46675,49656,131925,12458,864401,0,0
35,3,-39,376918,533110,60721,46675,49656,131925,12458,864401,0,0
35,3,58,376918,533110,60721,46675,49656,131925,12458,864401,0,0
35,3,-179,376918,533110,60721,46675,49656,131925,12458,864401,0,0
35,3,-295,376918,533110,60721,46675,49656,131925,12458,864401,0,0
63,1,-433,375532,14634,3201,4319,5587,5292,473,67206,0,0
63,1,-227,375532,14634,3201,4319,5587,5292,473,67206,0,0
63,1,186,375532,14634,3201,4319,5587,5292,473,67206,0,0
63,1,461,375532,14634,3201,4319,5587,5292,473,67206,0,0
63,1,-93,375532,14634,3201,4319,5587,5292,473,67206,0,0
63,1,96,375532,14634,3201,4319,5587,5292,473,67206,0,0
63,1,-35,375532,14634,3201,4319,5587,5292,473,67206,0,0
63,1,17,375532,14634,3201,4319,5587,5292,473,67206,0,0
63,1,1,375532,14634,3201,4319,5587,5292,473,67206,0,0
90,4,341,760102,71386,27595,10956,16676,19334,4806,177199,0,0
90,4,208,760102,71386,27595,10956,16676,19334,4806,177199,0,0
90,4,-51,760102,71386,27595,10956,16676,19334,4806,177199,0,0
90,4,82,760102,71386,27595,10956,16676,19334,4806,177199,0,0
90,4,39,760102,71386,27595,10956,16676,19334,4806,177199,0,0
90,4,-25,760102,71386,27595,10956,16676,19334,4806,177199,0,0
90,4,139,760102,71386,27595,10956,16676,19334,4806,177199,0,0
90,4,-44,760102,71386,27595,10956,16676,19334,4806,177199,0,0
91,35,-201,362941,24287,18326,13996,6640,4867,1392,89554,0,0
91,35,-118,362941,24287,18326,13996,6640,4867,1392,89554,0,0
91,35,-163,362941,24287,18326,13996,6640,4867,1392,89554,0,0
91,35,-46,362941,24287,18326,13996,6640,4867,1392,89554,0,0
91,35,2047,362941,24287,18326,13996,6640,4867,1392,89554,0,0
91,35,635,362941,24287,18326,13996,6640,4867,1392,89554,0,0
91,35,-1045,362941,24287,18326,13996,6640,4867,1392,89554,0,0
91,35,17,362941,24287,18326,13996,6640,4867,1392,89554,0,0
91,35,2047,362941,24287,18326,13996,6640,4867,1392,89554,0,0
91,35,1748,834476,45797,23681,20317,29270,20331,19170,14254,51,0
91,35,469,834476,45797,23681,20317,29270,20331,19170,14254,51,0
91,35,38,834476,45797,23681,20317,29270,20331,19170,14254,51,0
91,35,39,834476,45797,23681,20317,29270,20331,19170,14254,51,0
91,35,-13,834476,45797,23681,20317,29270,20331,19170,14254,51,0
91,35,-137,834476,45797,23681,20317,29270,20331,19170,14254,51,0
91,35,-602,834476,45797,23681,20317,29270,20331,19170,14254,51,0
91,35,39,654158,163838,107636,74555,37624,27497,41028,25234,51,0
91,35,88,654158,163838,107636,74555,37624,27497,41028,25234,51,0
91,35,198,654158,163838,107636,74555,37624,27497,41028,25234,51,0
91,35,-99,654158,163838,107636,74555,37624,27497,41028,25234,51,0
91,35,235,654158,163838,107636,74555,37624,27497,41028,25234,51,0
91,35,160,654158,163838,107636,74555,37624,27497,41028,25234,51,0
91,35,69,654158,163838,107636,74555,37624,27497,41028,25234,51,0
91,35,250,654158,163838,107636,74555,37624,27497,41028,25234,51,0
81,64,-13,979052,139151,121657,9860,17261,32122,2077,372770,0,0
81,64,-187,979052,139151,121657,9860,17261,32122,2077,372770,0,0
81,64,182,979052,139151,121657,9860,17261,32122,2077,372770,0,0
81,64,162,979052,139151,121657,9860,17261,32122,2077,372770,0,0
81,64,-20,979052,139151,121657,9860,17261,32122,2077,372770,0,0
81,64,-40,979052,139151,121657,9860,17261,32122,2077,372770,0,0
81,64,-113,979052,139151,121657,9860,17261,32122,2077,372770,0,0
81,64,-23,979052,139151,121657,9860,17261,32122,2077,372770,0,0
56,75,54,139092,29637,8924,10019,2471,2736,297,90559,0,0
56,75,-40,139092,29637,8924,10019,2471,2736,297,90559,0,0
56,75,64,139092,29637,8924,10019,2471,2736,297,90559,0,0
56,75,200,139092,29637,8924,10019,2471,2736,297,90559,0,0
56,75,84,139092,29637,8924,10019,2471,2736,297,90559,0,0
56,75,92,139092,29637,8924,10019,2471,2736,297,90559,0,0
56,75,43,139092,29637,8924,10019,2471,2736,297,90559,0,0
56,75,170,139092,29637,8924,10019,2471,2736,297,90559,0,0
56,75,53,139092,29637,8924,10019,2471,2736,297,90559,0,0
44,84,186,1684869,497488,362133,43318,104212,68910,6799,1329036,0,0
44,84,154,1684869,497488,362133,43318,104212,68910,6799,1329036,0,0
44,84,35,1684869,497488,362133,43318,104212,68910,6799,1329036,0,0
44,84,90,1684869,497488,362133,43318,104212,68910,6799,1329036,0,0
44,84,144,1684869,497488,362133,43318,104212,68910,6799,1329036,0,0
44,84,60,1684869,497488,362133,43318,104212,68910,6799,1329036,0,0
44,84,-108,1684869,497488,362133,43318,104212,68910,6799,1329036,0,0
44,84,-92,1684869,497488,362133,43318,104212,68910,6799,1329036,0,0
54,67,-34,1587638,23351,8197,4918,6523,5670,492,84278,0,0
54,67,152,1587638,23351,8197,4918,6523,5670,492,84278,0,0
54,67,-74,1587638,23351,8197,4918,6523,5670,492,84278,0,0
54,67,-186,1587638,23351,8197,4918,6523,5670,492,84278,0,0
54,67,-89,1587638,23351,8197,4918,6523,5670,492,84278,0,0
54,67,27,1587638,23351,8197,4918,6523,5670,492,84278,0,0
54,67,-3,1587638,23351,8197,4918,6523,5670,492,84278,0,0
54,67,-115,1587638,23351,8197,4918,6523,5670,492,84278,0,0
43,57,23,423550,36988,5985,19246,15069,3802,1210,79826,0,0
43,57,-74,423550,36988,5985,19246,15069,3802,1210,79826,0,0
43,57,115,423550,36988,5985,19246,15069,3802,1210,79826,0,0
43,57,-135,423550,36988,5985,19246,15069,3802,1210,79826,0,0
43,57,-38,423550,36988,5985,19246,15069,3802,1210,79826,0,0
43,57,96,423550,36988,5985,19246,15069,3802,1210,79826,0,0
43,57,-122,423550,36988,5985,19246,15069,3802,1210,79826,0,0
43,57,185,423550,36988,5985,19246,15069,3802,1210,79826,0,0
44,54,-7,1752525,25411,14242,2082,6319,2729,677,71564,0,0
44,54,33,1752525,25411,14242,2082,6319,2729,677,71564,0,0
44,54,144,1752525,25411,14242,2082,6319,2729,677,71564,0,0
44,54,73,1752525,25411,14242,2082,6319,2729,677,71564,0,0
44,54,-73,1752525,25411,14242,2082,6319,2729,677,71564,0,0
44,54,-60,1752525,25411,14242,2082,6319,2729,677,71564,0,0
44,54,106,1752525,25411,14242,2082,6319,2729,677,71564,0,0
44,54,-8,1752525,25411,14242,2082,6319,2729,677,71564,0,0
29,56,-88,1783749,38007,12702,18758,9148,2405,974,77031,0,0
29,56,-37,1783749,38007,12702,18758,9148,2405,974,77031,0,0
29,56,-21,1783749,38007,12702,18758,9148,2405,974,77031,0,0
29,56,-108,1783749,38007,12702,18758,9148,2405,974,77031,0,0
29,56,144,1783749,38007,12702,18758,9148,2405,974,77031,0,0
29,56,176,1783749,38007,12702,18758,9148,2405,974,77031,0,0
29,56,-39,1783749,38007,12702,18758,9148,2405,974,77031,0,0
29,56,-35,1783749,38007,12702,18758,9148,2405,974,77031,0,0
1,50,183,390547,57217,10174,6982,11269,1154,656,73598,0,0
1,50,6,390547,57217,10174,6982,11269,1154,656,73598,0,0
1,50,112,390547,57217,10174,6982,11269,1154,656,73598,0,0
1,50,22,390547,57217,10174,6982,11269,1154,656,73598,0,0
1,50,124,390547,57217,10174,6982,11269,1154,656,73598,0,0
1,50,113,390547,57217,10174,6982,11269,1154,656,73598,0,0
1,50,-53,390547,57217,10174,6982,11269,1154,656,73598,0,0
1,50,-137,390547,57217,10174,6982,11269,1154,656,73598,0,0
1,48,32,407381,15273,5474,2690,2122,1080,296,49107,0,0
1,48,72,407381,15273,5474,2690,2122,1080,296,49107,0,0
1,48,-68,407381,15273,5474,2690,2122,1080,296,49107,0,0
1,48,84,407381,15273,5474,2690,2122,1080,296,49107,0,0
1,48,66,407381,15273,5474,2690,2122,1080,296,49107,0,0
1,48,122,407381,15273,5474,2690,2122,1080,296,49107,0,0
1,48,32,407381,15273,5474,2690,2122,1080,296,49107,0,0
1,48,91,407381,15273,5474,2690,2122,1080,296,49107,0,0
4,47,80,346040,65994,21616,13301,14560,5120,3339,165475,0,0
4,47,165,346040,65994,21616,13301,14560,5120,3339,165475,0,0
4,47,40,346040,65994,21616,13301,14560,5120,3339,165475,0,0
4,47,-22,346040,65994,21616,13301,14560,5120,3339,165475,0,0
4,47,-201,346040,65994,21616,13301,14560,5120,3339,165475,0,0
4,47,73,346040,65994,21616,13301,14560,5120,3339,165475,0,0
4,47,-21,346040,65994,21616,13301,14560,5120,3339,165475,0,0
4,47,32,346040,65994,21616,13301,14560,5120,3339,165475,0,0
1,29,39,52946,232613,45994,11359,4730,6077,786,147292,0,0
1,29,-27,52946,232613,45994,11359,4730,6077,786,147292,0,0
1,29,102,52946,232613,45994,11359,4730,6077,786,147292,0,0
1,29,134,52946,232613,45994,11359,4730,6077,786,147292,0,0
1,29,67,52946,232613,45994,11359,4730,6077,786,147292,0,0
1,29,197,52946,232613,45994,11359,4730,6077,786,147292,0,0
1,29,137,52946,232613,45994,11359,4730,6077,786,147292,0,0
1,29,-177,52946,232613,45994,11359,4730,6077,786,147292,0,0
30,40,-56,517604,7993,3013,1227,1516,1471,417,41635,0,0
30,40,23,517604,7993,3013,1227,1516,1471,417,41635,0,0
30,40,-12,517604,7993,3013,1227,1516,1471,417,41635,0,0
30,40,54,517604,7993,3013,1227,1516,1471,417,41635,0,0
30,40,-21,517604,7993,3013,1227,1516,1471,417,41635,0,0
30,40,21,517604,7993,3013,1227,1516,1471,417,41635,0,0
30,40,-198,517604,7993,3013,1227,1516,1471,417,41635,0,0
30,40,52,517604,7993,3013,1227,1516,1471,417,41635,0,0
35,47,-66,1149608,77593,35132,25165,11269,9154,4494,139670,0,0
35,47,-86,1149608,77593,35132,25165,11269,9154,4494,139670,0,0
35,47,53,1149608,77593,35132,25165,11269,9154,4494,139670,0,0
35,47,172,1149608,77593,35132,25165,11269,9154,4494,139670,0,0
35,47,169,1149608,77593,35132,25165,11269,9154,4494,139670,0,0
35,47,70,1149608,77593,35132,25165,11269,9154,4494,139670,0,0
35,47,182,1149608,77593,35132,25165,11269,9154,4494,139670,0,0
35,47,71,1149608,77593,35132,25165,11269,9154,4494,139670,0,0
40,54,165,103607,64743,21231,48817,33426,10394,4370,337356,0,0
40,54,233,103607,64743,21231,48817,33426,10394,4370,337356,0,0
40,54,-29,103607,64743,21231,48817,33426,10394,4370,337356,0,0
40,54,-181,103607,64743,21231,48817,33426,10394,4370,337356,0,0
40,54,113,103607,64743,21231,48817,33426,10394,4370,337356,0,0
40,54,-108,103607,64743,21231,48817,33426,10394,4370,337356,0,0
40,54,-50,103607,64743,21231,48817,33426,10394,4370,337356,0,0
40,54,-65,103607,64743,21231,48817,33426,10394,4370,337356,0,0
47,50,-21,2320260,1579186,283894,55176,70717,64428,13231,1632199,0,0
47,50,-83,2320260,1579186,283894,55176,70717,64428,13231,1632199,0,0
47,50,-40,2320260,1579186,283894,55176,70717,64428,13231,1632199,0,0
47,50,-35,2320260,1579186,283894,55176,70717,64428,13231,1632199,0,0
47,50,-105,2320260,1579186,283894,55176,70717,64428,13231,1632199,0,0
47,50,82,2320260,1579186,283894,55176,70717,64428,13231,1632199,0,0
47,50,162,2320260,1579186,283894,55176,70717,64428,13231,1632199,0,0
47,50,208,2320260,1579186,283894,55176,70717,64428,13231,1632199,0,0
44,61,186,1336715,155684,128572,13855,7920,31696,4558,376337,0,0
44,61,-77,1336715,155684,128572,13855,7920,31696,4558,376337,0,0
44,61,186,1336715,155684,128572,13855,7920,31696,4558,376337,0,0
44,61,34,1336715,155684,128572,13855,7920,31696,4558,376337,0,0
44,61,25,1336715,155684,128572,13855,7920,31696,4558,376337,0,0
44,61,156,1336715,155684,128572,13855,7920,31696,4558,376337,0,0
44,61,-93,1336715,155684,128572,13855,7920,31696,4558,376337,0,0
44,61,-34,1336715,155684,128572,13855,7920,31696,4558,376337,0,0
51,67,-82,447150,102123,98600,45330,20063,27052,3636,412040,0,0
51,67,-137,447150,102123,98600,45330,20063,27052,3636,412040,0,0
51,67,204,447150,102123,98600,45330,20063,27052,3636,412040,0,0
51,67,-34,447150,102123,98600,45330,20063,27052,3636,412040,0,0
51,67,231,447150,102123,98600,45330,20063,27052,3636,412040,0,0
51,67,109,447150,102123,98600,45330,20063,27052,3636,412040,0,0
51,67,129,447150,102123,98600,45330,20063,27052,3636,412040,0,0
51,67,168,447150,102123,98600,45330,20063,27052,3636,412040,0,0
51,66,-104,607101,193118,114780,31362,10039,26436,2114,401923,0,0
51,66,184,607101,193118,114780,31362,10039,26436,2114,401923,0,0
51,66,-139,607101,193118,114780,31362,10039,26436,2114,401923,0,0
51,66,80,607101,193118,114780,31362,10039,26436,2114,401923,0,0
51,66,91,607101,193118,114780,31362,10039,26436,2114,401923,0,0
51,66,-60,607101,193118,114780,31362,10039,26436,2114,401923,0,0
51,66,65,607101,193118,114780,31362,10039,26436,2114,401923,0,0
51,66,-90,607101,193118,114780,31362,10039,26436,2114,401923,0,0
74,81,189,455201,29294,9288,9139,2559,7044,808,93988,0,0
74,81,211,455201,29294,9288,9139,2559,7044,808,93988,0,0
74,81,-149,455201,29294,9288,9139,2559,7044,808,93988,0,0
74,81,-157,455201,29294,9288,9139,2559,7044,808,93988,0,0
74,81,-52,455201,29294,9288,9139,2559,7044,808,93988,0,0
74,81,-296,455201,29294,9288,9139,2559,7044,808,93988,0,0
74,81,-104,455201,29294,9288,9139,2559,7044,808,93988,0,0
74,81,186,455201,29294,9288,9139,2559,7044,808,93988,0,0
47,53,105,378039,596000,34490,71664,18012,7377,2021,388457,0,0
47,53,208,378039,596000,34490,71664,18012,7377,2021,388457,0,0
47,53,193,378039,596000,34490,71664,18012,7377,2021,388457,0,0
47,53,129,378039,596000,34490,71664,18012,7377,2021,388457,0,0
47,53,-152,378039,596000,34490,71664,18012,7377,2021,388457,0,0
47,53,123,378039,596000,34490,71664,18012,7377,2021,388457,0,0
47,53,20,378039,596000,34490,71664,18012,7377,2021,388457,0,0
47,53,114,378039,596000,34490,71664,18012,7377,2021,388457,0,0
35,27,81,1145663,228507,43479,21037,12180,11915,4556,384125,0,0
35,27,120,1145663,228507,43479,21037,12180,11915,4556,384125,0,0
35,27,11,1145663,228507,43479,21037,12180,11915,4556,384125,0,0
35,27,-87,1145663,228507,43479,21037,12180,11915,4556,384125,0,0
35,27,-23,1145663,228507,43479,21037,12180,11915,4556,384125,0,0
35,27,102,1145663,228507,43479,21037,12180,11915,4556,384125,0,0
35,27,173,1145663,228507,43479,21037,12180,11915,4556,384125,0,0
35,27,50,1145663,228507,43479,21037,12180,11915,4556,384125,0,0
38,40,-73,873737,113029,106943,63744,24927,23371,2057,351113,0,0
38,40,-65,873737,113029,106943,63744,24927,23371,2057,351113,0,0
38,40,-91,873737,113029,106943,63744,24927,23371,2057,351113,0,0
38,40,-4,873737,113029,106943,63744,24927,23371,2057,351113,0,0
38,40,73,873737,113029,106943,63744,24927,23371,2057,351113,0,0
38,40,-66,873737,113029,106943,63744,24927,23371,2057,351113,0,0
38,40,-18,873737,113029,106943,63744,24927,23371,2057,351113,0,0
38,40,-133,873737,113029,106943,63744,24927,23371,2057,351113,0,0
38,30,-85,690050,135136,39594,12573,12811,23731,3604,345657,0,0
38,30,-33,690050,135136,39594,12573,12811,23731,3604,345657,0,0
38,30,-72,690050,135136,39594,12573,12811,23731,3604,345657,0,0
38,30,21,690050,135136,39594,12573,12811,23731,3604,345657,0,0
38,30,162,690050,135136,39594,12573,12811,23731,3604,345657,0,0
38,30,137,690050,135136,39594,12573,12811,23731,3604,345657,0,0
38,30,68,690050,135136,39594,12573,12811,23731,3604,345657,0,0
38,30,-36,690050,135136,39594,12573,12811,23731,3604,345657,0,0
63,50,211,259154,38269,2552,17139,2879,4923,508,79596,0,0
63,50,165,259154,38269,2552,17139,2879,4923,508,79596,0,0
63,50,108,259154,38269,2552,17139,2879,4923,508,79596,0,0
63,50,-33,259154,38269,2552,17139,2879,4923,508,79596,0,0
63,50,75,259154,38269,2552,17139,2879,4923,508,79596,0,0
63,50,-67,259154,38269,2552,17139,2879,4923,508,79596,0,0
63,50,-2,259154,38269,2552,17139,2879,4923,508,79596,0,0
63,50,76,259154,38269,2552,17139,2879,4923,508,79596,0,0
66,44,-83,1468832,1942808,301768,132669,34623,144614,9784,1524322,0,0
66,44,-92,1468832,1942808,301768,132669,34623,144614,9784,1524322,0,0
66,44,76,1468832,1942808,301768,132669,34623,144614,9784,1524322,0,0
66,44,16,1468832,1942808,301768,132669,34623,144614,9784,1524322,0,0
66,44,133,1468832,1942808,301768,132669,34623,144614,9784,1524322,0,0
66,44,81,1468832,1942808,301768,132669,34623,144614,9784,1524322,0,0
66,44,-60,1468832,1942808,301768,132669,34623,144614,9784,1524322,0,0
66,44,5,1468832,1942808,301768,132669,34623,144614,9784,1524322,0,0
63,30,69,789820,820828,317681,158033,60924,69389,6648,1353399,0,0
63,30,22,789820,820828,317681,158033,60924,69389,6648,1353399,0,0
63,30,26,789820,820828,317681,158033,60924,69389,6648,1353399,0,0
63,30,7,789820,820828,317681,158033,60924,69389,6648,1353399,0,0
63,30,-82,789820,820828,317681,158033,60924,69389,6648,1353399,0,0
63,30,147,789820,820828,317681,158033,60924,69389,6648,1353399,0,0
63,30,887,789820,820828,317681,158033,60924,69389,6648,1353399,0,0
63,30,-314,789820,820828,317681,158033,60924,69389,6648,1353399,0,0
69,37,18,483070,29796,12857,4589,8088,10078,992,82905,0,0
69,37,124,483070,29796,12857,4589,8088,10078,992,82905,0,0
69,37,119,483070,29796,12857,4589,8088,10078,992,82905,0,0
69,37,-4,483070,29796,12857,4589,8088,10078,992,82905,0,0
69,37,-33,483070,29796,12857,4589,8088,10078,992,82905,0,0
69,37,-7,483070,29796,12857,4589,8088,10078,992,82905,0,0
69,37,91,483070,29796,12857,4589,8088,10078,992,82905,0,0
69,37,-34,483070,29796,12857,4589,8088,10078,992,82905,0,0
75,27,10,448049,38718,2143,11825,4333,6227,364,81168,0,0
75,27,-86,448049,38718,2143,11825,4333,6227,364,81168,0,0
75,27,-46,448049,38718,2143,11825,4333,6227,364,81168,0,0
75,27,71,448049,38718,2143,11825,4333,6227,364,81168,0,0
75,27,116,448049,38718,2143,11825,4333,6227,364,81168,0,0
75,27,97,448049,38718,2143,11825,4333,6227,364,81168,0,0
75,27,181,448049,38718,2143,11825,4333,6227,364,81168,0,0
75,27,50,448049,38718,2143,11825,4333,6227,364,81168,0,0
80,30,4,193712,38316,1455,9665,1754,4456,583,78410,0,0
80,30,-36,193712,38316,1455,9665,1754,4456,583,78410,0,0
80,30,-7,193712,38316,1455,9665,1754,4456,583,78410,0,0
80,30,148,193712,38316,1455,9665,1754,4456,583,78410,0,0
80,30,25,193712,38316,1455,9665,1754,4456,583,78410,0,0
80,30,89,193712,38316,1455,9665,1754,4456,583,78410,0,0
80,30,123,193712,38316,1455,9665,1754,4456,583,78410,0,0
80,30,100,193712,38316,1455,9665,1754,4456,583,78410,0,0
60,30,122,338292,73237,30416,8055,6710,1318,564,80775,0,0
60,30,156,338292,73237,30416,8055,6710,1318,564,80775,0,0
60,30,26,338292,73237,30416,8055,6710,1318,564,80775,0,0
60,30,22,338292,73237,30416,8055,6710,1318,564,80775,0,0
60,30,-56,338292,73237,30416,8055,6710,1318,564,80775,0,0
60,30,-56,338292,73237,30416,8055,6710,1318,564,80775,0,0
60,30,-125,338292,73237,30416,8055,6710,1318,564,80775,0,0
60,30,121,338292,73237,30416,8055,6710,1318,564,80775,0,0
48,23,-118,1233282,182793,45851,18942,47386,22242,3027,313877,0,0
48,23,54,1233282,182793,45851,18942,47386,22242,3027,313877,0,0
48,23,183,1233282,182793,45851,18942,47386,22242,3027,313877,0,0
48,23,152,1233282,182793,45851,18942,47386,22242,3027,313877,0,0
48,23,243,1233282,182793,45851,18942,47386,22242,3027,313877,0,0
48,23,167,1233282,182793,45851,18942,47386,22242,3027,313877,0,0
48,23,-65,1233282,182793,45851,18942,47386,22242,3027,313877,0,0
48,23,-8,1233282,182793,45851,18942,47386,22242,3027,313877,0,0
41,38,112,1909506,110107,63217,19092,13746,12711,870,321691,0,0
41,38,25,1909506,110107,63217,19092,13746,12711,870,321691,0,0
41,38,89,1909506,110107,63217,19092,13746,12711,870,321691,0,0
41,38,11,1909506,110107,63217,19092,13746,12711,870,321691,0,0
41,38,154,1909506,110107,63217,19092,13746,12711,870,321691,0,0
41,38,108,1909506,110107,63217,19092,13746,12711,870,321691,0,0
41,38,76,1909506,110107,63217,19092,13746,12711,870,321691,0,0
41,38,25,1909506,110107,63217,19092,13746,12711,870,321691,0,0
44,37,-44,1371117,110092,18707,14379,35463,15935,4790,297459,0,0
44,37,-87,1371117,110092,18707,14379,35463,15935,4790,297459,0,0
44,37,71,1371117,110092,18707,14379,35463,15935,4790,297459,0,0
44,37,85,1371117,110092,18707,14379,35463,15935,4790,297459,0,0
44,37,134,1371117,110092,18707,14379,35463,15935,4790,297459,0,0
44,37,165,1371117,110092,18707,14379,35463,15935,4790,297459,0,0
44,37,-12,1371117,110092,18707,14379,35463,15935,4790,297459,0,0
44,37,-35,1371117,110092,18707,14379,35463,15935,4790,297459,0,0
70,51,53,234744,19113,20446,7478,1493,4953,743,77184,0,0
70,51,83,234744,19113,20446,7478,1493,4953,743,77184,0,0
70,51,-51,234744,19113,20446,7478,1493,4953,743,77184,0,0
70,51,-25,234744,19113,20446,7478,1493,4953,743,77184,0,0
70,51,131,234744,19113,20446,7478,1493,4953,743,77184,0,0
70,51,6,234744,19113,20446,7478,1493,4953,743,77184,0,0
70,51,-34,234744,19113,20446,7478,1493,4953,743,77184,0,0
70,51,-84,234744,19113,20446,7478,1493,4953,743,77184,0,0
53,53,40,1639261,307552,39060,57234,13193,7221,1794,291857,0,0
53,53,-107,1639261,307552,39060,57234,13193,7221,1794,291857,0,0
53,53,75,1639261,307552,39060,57234,13193,7221,1794,291857,0,0
53,53,-39,1639261,307552,39060,57234,13193,7221,1794,291857,0,0
53,53,160,1639261,307552,39060,57234,13193,7221,1794,291857,0,0
53,53,27,1639261,307552,39060,57234,13193,7221,1794,291857,0,0
53,53,38,1639261,307552,39060,57234,13193,7221,1794,291857,0,0
53,53,-91,1639261,307552,39060,57234,13193,7221,1794,291857,0,0
60,51,56,1007650,116720,55921,29686,19016,22640,1974,292067,0,0
60,51,-26,1007650,116720,55921,29686,19016,22640,1974,292067,0,0
60,51,45,1007650,116720,55921,29686,19016,22640,1974,292067,0,0
60,51,20,1007650,116720,55921,29686,19016,22640,1974,292067,0,0
60,51,-295,1007650,116720,55921,29686,19016,22640,1974,292067,0,0
60,51,-77,1007650,116720,55921,29686,19016,22640,1974,292067,0,0
60,51,39,1007650,116720,55921,29686,19016,22640,1974,292067,0,0
60,51,-69,1007650,116720,55921,29686,19016,22640,1974,292067,0,0
54,41,104,60188,50933,4649,4425,7389,4918,541,77104,0,0
54,41,75,60188,50933,4649,4425,7389,4918,541,77104,0,0
54,41,8,60188,50933,4649,4425,7389,4918,541,77104,0,0
54,41,-5,60188,50933,4649,4425,7389,4918,541,77104,0,0
54,41,-43,60188,50933,4649,4425,7389,4918,541,77104,0,0
54,41,-44,60188,50933,4649,4425,7389,4918,541,77104,0,0
54,41,90,60188,50933,4649,4425,7389,4918,541,77104,0,0
54,41,145,60188,50933,4649,4425,7389,4918,541,77104,0,0
48,16,-22,637928,36009,844,11706,8839,2748,553,70583,0,0
48,16,211,637928,36009,844,11706,8839,2748,553,70583,0,0
48,16,115,637928,36009,844,11706,8839,2748,553,70583,0,0
48,16,171,637928,36009,844,11706,8839,2748,553,70583,0,0
48,16,107,637928,36009,844,11706,8839,2748,553,70583,0,0
48,16,153,637928,36009,844,11706,8839,2748,553,70583,0,0
48,16,-58,637928,36009,844,11706,8839,2748,553,70583,0,0
48,16,50,637928,36009,844,11706,8839,2748,553,70583,0,0
63,3,24,129506,70885,1669,2584,5193,4998,808,69604,0,0
63,3,56,129506,70885,1669,2584,5193,4998,808,69604,0,0
63,3,73,129506,70885,1669,2584,5193,4998,808,69604,0,0
63,3,105,129506,70885,1669,2584,5193,4998,808,69604,0,0
63,3,397,129506,70885,1669,2584,5193,4998,808,69604,0,0
63,3,-163,129506,70885,1669,2584,5193,4998,808,69604,0,0
63,3,108,129506,70885,1669,2584,5193,4998,808,69604,0,0
63,3,45,129506,70885,1669,2584,5193,4998,808,69604,0,0
60,20,168,620064,9937,17985,13770,1726,3763,506,72136,0,0
60,20,109,620064,9937,17985,13770,1726,3763,506,72136,0,0
60,20,-121,620064,9937,17985,13770,1726,3763,506,72136,0,0
60,20,-11,620064,9937,17985,13770,1726,3763,506,72136,0,0
60,20,99,620064,9937,17985,13770,1726,3763,506,72136,0,0
60,20,124,620064,9937,17985,13770,1726,3763,506,72136,0,0
60,20,121,620064,9937,17985,13770,1726,3763,506,72136,0,0
60,20,19,620064,9937,17985,13770,1726,3763,506,72136,0,0
48,47,-41,1391311,133810,54028,19978,14192,6403,1718,268536,0,0
48,47,130,1391311,133810,54028,19978,14192,6403,1718,268536,0,0
48,47,-17,1391311,133810,54028,19978,14192,6403,1718,268536,0,0
48,47,28,1391311,133810,54028,19978,14192,6403,1718,268536,0,0
48,47,-52,1391311,133810,54028,19978,14192,6403,1718,268536,0,0
48,47,-45,1391311,133810,54028,19978,14192,6403,1718,268536,0,0
48,47,12,1391311,133810,54028,19978,14192,6403,1718,268536,0,0
48,47,96,1391311,133810,54028,19978,14192,6403,1718,268536,0,0
48,60,-89,300054,23244,6887,8837,3721,2334,860,64097,0,0
48,60,123,300054,23244,6887,8837,3721,2334,860,64097,0,0
48,60,71,300054,23244,6887,8837,3721,2334,860,64097,0,0
48,60,188,300054,23244,6887,8837,3721,2334,860,64097,0,0
48,60,133,300054,23244,6887,8837,3721,2334,860,64097,0,0
48,60,-86,300054,23244,6887,8837,3721,2334,860,64097,0,0
48,60,12,300054,23244,6887,8837,3721,2334,860,64097,0,0
48,60,19,300054,23244,6887,8837,3721,2334,860,64097,0,0
51,77,-8,1787660,191117,16748,34668,9550,18597,5737,238886,0,0
51,77,81,1787660,191117,16748,34668,9550,18597,5737,238886,0,0
51,77,-266,1787660,191117,16748,34668,9550,18597,5737,238886,0,0
51,77,-125,1787660,191117,16748,34668,9550,18597,5737,238886,0,0
51,77,109,1787660,191117,16748,34668,9550,18597,5737,238886,0,0
51,77,140,1787660,191117,16748,34668,9550,18597,5737,238886,0,0
51,77,152,1787660,191117,16748,34668,9550,18597,5737,238886,0,0
51,77,89,1787660,191117,16748,34668,9550,18597,5737,238886,0,0
43,69,43,562336,62726,63659,22153,19168,7537,1196,264413,0,0
43,69,-73,562336,62726,63659,22153,19168,7537,1196,264413,0,0
43,69,60,562336,62726,63659,22153,19168,7537,1196,264413,0,0
43,69,116,562336,62726,63659,22153,19168,7537,1196,264413,0,0
43,69,112,562336,62726,63659,22153,19168,7537,1196,264413,0,0
43,69,123,562336,62726,63659,22153,19168,7537,1196,264413,0,0
43,69,103,562336,62726,63659,22153,19168,7537,1196,264413,0,0
43,69,149,562336,62726,63659,22153,19168,7537,1196,264413,0,0
41,67,194,698550,61852,14325,16164,5333,2550,1163,61398,0,0
41,67,193,698550,61852,14325,16164,5333,2550,1163,61398,0,0
41,67,13,698550,61852,14325,16164,5333,2550,1163,61398,0,0
41,67,163,698550,61852,14325,16164,5333,2550,1163,61398,0,0
41,67,83,698550,61852,14325,16164,5333,2550,1163,61398,0,0
41,67,-37,698550,61852,14325,16164,5333,2550,1163,61398,0,0
41,67,-81,698550,61852,14325,16164,5333,2550,1163,61398,0,0
41,67,-29,698550,61852,14325,16164,5333,2550,1163,61398,0,0
50,77,138,33993,2544,3406,1171,394,830,98,16594,0,0
50,77,-59,33993,2544,3406,1171,394,830,98,16594,0,0
50,77,-29,33993,2544,3406,1171,394,830,98,16594,0,0
50,77,-57,33993,2544,3406,1171,394,830,98,16594,0,0
50,77,20,33993,2544,3406,1171,394,830,98,16594,0,0
50,77,-130,33993,2544,3406,1171,394,830,98,16594,0,0
50,77,135,33993,2544,3406,1171,394,830,98,16594,0,0
50,77,192,33993,2544,3406,1171,394,830,98,16594,0,0
44,77,-115,120502,282640,62936,6190,16431,16387,7360,256937,0,0
44,77,20,120502,282640,62936,6190,16431,16387,7360,256937,0,0
44,77,52,120502,282640,62936,6190,16431,16387,7360,256937,0,0
44,77,104,120502,282640,62936,6190,16431,16387,7360,256937,0,0
44,77,56,120502,282640,62936,6190,16431,16387,7360,256937,0,0
44,77,154,120502,282640,62936,6190,16431,16387,7360,256937,0,0
44,77,-51,120502,282640,62936,6190,16431,16387,7360,256937,0,0
44,77,-33,120502,282640,62936,6190,16431,16387,7360,256937,0,0
48,77,100,615655,80876,51022,33170,5420,10984,1522,260276,0,0
48,77,75,615655,80876,51022,33170,5420,10984,1522,260276,0,0
48,77,49,615655,80876,51022,33170,5420,10984,1522,260276,0,0
48,77,52,615655,80876,51022,33170,5420,10984,1522,260276,0,0
48,77,11,615655,80876,51022,33170,5420,10984,1522,260276,0,0
48,77,133,615655,80876,51022,33170,5420,10984,1522,260276,0,0
48,77,148,615655,80876,51022,33170,5420,10984,1522,260276,0,0
48,77,80,615655,80876,51022,33170,5420,10984,1522,260276,0,0
57,84,96,488141,25170,20565,8246,6254,3507,901,58549,0,0
57,84,118,488141,25170,20565,8246,6254,3507,901,58549,0,0
57,84,146,488141,25170,20565,8246,6254,3507,901,58549,0,0
57,84,115,488141,25170,20565,8246,6254,3507,901,58549,0,0
57,84,-4,488141,25170,20565,8246,6254,3507,901,58549,0,0
57,84,-27,488141,25170,20565,8246,6254,3507,901,58549,0,0
57,84,148,488141,25170,20565,8246,6254,3507,901,58549,0,0
57,84,-93,488141,25170,20565,8246,6254,3507,901,58549,0,0
53,70,137,1170904,402428,75316,110346,20643,41952,8537,979494,0,0
53,70,24,1170904,402428,75316,110346,20643,41952,8537,979494,0,0
53,70,177,1170904,402428,75316,110346,20643,41952,8537,979494,0,0
53,70,-49,1170904,402428,75316,110346,20643,41952,8537,979494,0,0
53,70,-67,1170904,402428,75316,110346,20643,41952,8537,979494,0,0
53,70,22,1170904,402428,75316,110346,20643,41952,8537,979494,0,0
53,70,-114,1170904,402428,75316,110346,20643,41952,8537,979494,0,0
53,70,73,1170904,402428,75316,110346,20643,41952,8537,979494,0,0
35,77,150,976235,761917,128059,150028,38718,13350,4886,938487,0,0
35,77,28,976235,761917,128059,150028,38718,13350,4886,938487,0,0
35,77,-76,976235,761917,128059,150028,38718,13350,4886,938487,0,0
35,77,182,976235,761917,128059,150028,38718,13350,4886,938487,0,0
35,77,64,976235,761917,128059,150028,38718,13350,4886,938487,0,0
35,77,114,976235,761917,128059,150028,38718,13350,4886,938487,0,0
35,77,-7,976235,761917,128059,150028,38718,13350,4886,938487,0,0
35,77,-61,976235,761917,128059,150028,38718,13350,4886,938487,0,0
29,74,154,1557897,118005,37219,63917,6422,8713,2674,253847,0,0
29,74,139,1557897,118005,37219,63917,6422,8713,2674,253847,0,0
29,74,-18,1557897,118005,37219,63917,6422,8713,2674,253847,0,0
29,74,-69,1557897,118005,37219,63917,6422,8713,2674,253847,0,0
29,74,-59,1557897,118005,37219,63917,6422,8713,2674,253847,0,0
29,74,7,1557897,118005,37219,63917,6422,8713,2674,253847,0,0
29,74,128,1557897,118005,37219,63917,6422,8713,2674,253847,0,0
29,74,-14,1557897,118005,37219,63917,6422,8713,2674,253847,0,0
17,54,-161,448923,456249,82624,18418,23205,14857,4518,219991,0,0
17,54,3,448923,456249,82624,18418,23205,14857,4518,219991,0,0
17,54,-56,448923,456249,82624,18418,23205,14857,4518,219991,0,0
17,54,55,448923,456249,82624,18418,23205,14857,4518,219991,0,0
17,54,168,448923,456249,82624,18418,23205,14857,4518,219991,0,0
17,54,134,448923,456249,82624,18418,23205,14857,4518,219991,0,0
17,54,75,448923,456249,82624,18418,23205,14857,4518,219991,0,0
17,54,107,448923,456249,82624,18418,23205,14857,4518,219991,0,0
13,53,131,1866987,208578,56909,20737,9660,13879,2352,237397,0,0
13,53,203,1866987,208578,56909,20737,9660,13879,2352,237397,0,0
13,53,71,1866987,208578,56909,20737,9660,13879,2352,237397,0,0
13,53,-35,1866987,208578,56909,20737,9660,13879,2352,237397,0,0
13,53,-34,1866987,208578,56909,20737,9660,13879,2352,237397,0,0
13,53,-52,1866987,208578,56909,20737,9660,13879,2352,237397,0,0
13,53,-55,1866987,208578,56909,20737,9660,13879,2352,237397,0,0
13,53,102,1866987,208578,56909,20737,9660,13879,2352,237397,0,0
29,54,-21,245143,31166,2603,14047,8187,2265,213,57561,0,0
29,54,-69,245143,31166,2603,14047,8187,2265,213,57561,0,0
29,54,-98,245143,31166,2603,14047,8187,2265,213,57561,0,0
29,54,-58,245143,31166,2603,14047,8187,2265,213,57561,0,0
29,54,-123,245143,31166,2603,14047,8187,2265,213,57561,0,0
29,54,-78,245143,31166,2603,14047,8187,2265,213,57561,0,0
29,54,71,245143,31166,2603,14047,8187,2265,213,57561,0,0
29,54,147,245143,31166,2603,14047,8187,2265,213,57561,0,0
47,57,24,408208,23091,7590,39562,15506,11558,1335,251014,0,0
47,57,-4,408208,23091,7590,39562,15506,11558,1335,251014,0,0
47,57,18,408208,23091,7590,39562,15506,11558,1335,251014,0,0
47,57,109,408208,23091,7590,39562,15506,11558,1335,251014,0,0
47,57,-78,408208,23091,7590,39562,15506,11558,1335,251014,0,0
47,57,91,408208,23091,7590,39562,15506,11558,1335,251014,0,0
47,57,50,408208,23091,7590,39562,15506,11558,1335,251014,0,0
47,57,13,408208,23091,7590,39562,15506,11558,1335,251014,0,0
66,77,-60,1178635,76424,71437,21547,11723,21271,2692,221146,0,0
66,77,-28,1178635,76424,71437,21547,11723,21271,2692,221146,0,0
66,77,-5,1178635,76424,71437,21547,11723,21271,2692,221146,0,0
66,77,97,1178635,76424,71437,21547,11723,21271,2692,221146,0,0
66,77,210,1178635,76424,71437,21547,11723,21271,2692,221146,0,0
66,77,44,1178635,76424,71437,21547,11723,21271,2692,221146,0,0
66,77,155,1178635,76424,71437,21547,11723,21271,2692,221146,0,0
66,77,120,1178635,76424,71437,21547,11723,21271,2692,221146,0,0
60,78,119,1787037,164511,43422,37391,20854,6550,2551,244300,0,0
60,78,108,1787037,164511,43422,37391,20854,6550,2551,244300,0,0
60,78,128,1787037,164511,43422,37391,20854,6550,2551,244300,0,0
60,78,113,1787037,164511,43422,37391,20854,6550,2551,244300,0,0
60,78,-21,1787037,164511,43422,37391,20854,6550,2551,244300,0,0
60,78,317,1787037,164511,43422,37391,20854,6550,2551,244300,0,0
60,78,-216,1787037,164511,43422,37391,20854,6550,2551,244300,0,0
60,78,-56,1787037,164511,43422,37391,20854,6550,2551,244300,0,0
47,67,-11,1384051,442859,50588,23923,23264,9864,3057,195190,0,0
47,67,-56,1384051,442859,50588,23923,23264,9864,3057,195190,0,0
47,67,-50,1384051,442859,50588,23923,23264,9864,3057,195190,0,0
47,67,-75,1384051,442859,50588,23923,23264,9864,3057,195190,0,0
47,67,50,1384051,442859,50588,23923,23264,9864,3057,195190,0,0
47,67,57,1384051,442859,50588,23923,23264,9864,3057,195190,0,0
47,67,36,1384051,442859,50588,23923,23264,9864,3057,195190,0,0
47,67,172,1384051,442859,50588,23923,23264,9864,3057,195190,0,0
24,44,6,112726,79272,7378,4172,3104,2402,632,50595,0,0
24,44,154,112726,79272,7378,4172,3104,2402,632,50595,0,0
24,44,195,112726,79272,7378,4172,3104,2402,632,50595,0,0
24,44,75,112726,79272,7378,4172,3104,2402,632,50595,0,0
24,44,172,112726,79272,7378,4172,3104,2402,632,50595,0,0
24,44,21,112726,79272,7378,4172,3104,2402,632,50595,0,0
24,44,8,112726,79272,7378,4172,3104,2402,632,50595,0,0
24,44,10,112726,79272,7378,4172,3104,2402,632,50595,0,0
1,23,72,2471896,1806433,280305,39758,265016,33189,15964,883485,0,0
1,23,-241,2471896,1806433,280305,39758,265016,33189,15964,883485,0,0
1,23,-24,2471896,1806433,280305,39758,265016,33189,15964,883485,0,0
1,23,2,2471896,1806433,280305,39758,265016,33189,15964,883485,0,0
1,23,87,2471896,1806433,280305,39758,265016,33189,15964,883485,0,0
1,23,65,2471896,1806433,280305,39758,265016,33189,15964,883485,0,0
1,23,150,2471896,1806433,280305,39758,265016,33189,15964,883485,0,0
1,23,96,2471896,1806433,280305,39758,265016,33189,15964,883485,0,0
14,8,-52,1067529,353272,2210,47626,13560,39790,3297,214921,0,0
14,8,-86,1067529,353272,2210,47626,13560,39790,3297,214921,0,0
14,8,-61,1067529,353272,2210,47626,13560,39790,3297,214921,0,0
14,8,26,1067529,353272,2210,47626,13560,39790,3297,214921,0,0
14,8,90,1067529,353272,2210,47626,13560,39790,3297,214921,0,0
14,8,-23,1067529,353272,2210,47626,13560,39790,3297,214921,0,0
14,8,-65,1067529,353272,2210,47626,13560,39790,3297,214921,0,0
14,8,-28,1067529,353272,2210,47626,13560,39790,3297,214921,0,0
29,27,161,1075206,53193,42744,18803,13827,7676,2752,224750,0,0
29,27,42,1075206,53193,42744,18803,13827,7676,2752,224750,0,0
29,27,90,1075206,53193,42744,18803,13827,7676,2752,224750,0,0
29,27,-286,1075206,53193,42744,18803,13827,7676,2752,224750,0,0
29,27,82,1075206,53193,42744,18803,13827,7676,2752,224750,0,0
29,27,205,1075206,53193,42744,18803,13827,7676,2752,224750,0,0
29,27,19,1075206,53193,42744,18803,13827,7676,2752,224750,0,0
29,27,133,1075206,53193,42744,18803,13827,7676,2752,224750,0,0
29,53,-72,458976,133616,158368,9138,17778,8958,2339,195697,0,0
29,53,37,458976,133616,158368,9138,17778,8958,2339,195697,0,0
29,53,-13,458976,133616,158368,9138,17778,8958,2339,195697,0,0
29,53,119,458976,133616,158368,9138,17778,8958,2339,195697,0,0
29,53,129,458976,133616,158368,9138,17778,8958,2339,195697,0,0
29,53,92,458976,133616,158368,9138,17778,8958,2339,195697,0,0
29,53,186,458976,133616,158368,9138,17778,8958,2339,195697,0,0
29,53,-25,458976,133616,158368,9138,17778,8958,2339,195697,0,0
29,53,-67,458976,133616,158368,9138,17778,8958,2339,195697,0,0
43,64,-27,793766,203413,69290,23402,18132,13715,1766,214374,0,0
43,64,-49,793766,203413,69290,23402,18132,13715,1766,214374,0,0
43,64,147,793766,203413,69290,23402,18132,13715,1766,214374,0,0
43,64,123,793766,203413,69290,23402,18132,13715,1766,214374,0,0
43,64,55,793766,203413,69290,23402,18132,13715,1766,214374,0,0
43,64,113,793766,203413,69290,23402,18132,13715,1766,214374,0,0
43,64,-12,793766,203413,69290,23402,18132,13715,1766,214374,0,0
29,64,122,3211055,651748,27492,64352,53280,23227,12205,813389,0,0
29,64,-65,3211055,651748,27492,64352,53280,23227,12205,813389,0,0
29,64,-11,3211055,651748,27492,64352,53280,23227,12205,813389,0,0
29,64,-66,3211055,651748,27492,64352,53280,23227,12205,813389,0,0
29,64,-67,3211055,651748,27492,64352,53280,23227,12205,813389,0,0
29,64,102,3211055,651748,27492,64352,53280,23227,12205,813389,0,0
29,64,208,3211055,651748,27492,64352,53280,23227,12205,813389,0,0
29,64,41,3211055,651748,27492,64352,53280,23227,12205,813389,0,0
16,34,48,771194,528497,20972,8195,11349,12449,1974,216924,0,0
16,34,173,771194,528497,20972,8195,11349,12449,1974,216924,0,0
16,34,18,771194,528497,20972,8195,11349,12449,1974,216924,0,0
16,34,165,771194,528497,20972,8195,11349,12449,1974,216924,0,0
16,34,76,771194,528497,20972,8195,11349,12449,1974,216924,0,0
16,34,200,771194,528497,20972,8195,11349,12449,1974,216924,0,0
16,34,113,771194,528497,20972,8195,11349,12449,1974,216924,0,0
16,34,17,771194,528497,20972,8195,11349,12449,1974,216924,0,0
23,24,134,1088413,109839,69796,18311,22951,8336,2027,204378,0,0
23,24,75,1088413,109839,69796,18311,22951,8336,2027,204378,0,0
23,24,134,1088413,109839,69796,18311,22951,8336,2027,204378,0,0
23,24,-69,1088413,109839,69796,18311,22951,8336,2027,204378,0,0
23,24,10,1088413,109839,69796,18311,22951,8336,2027,204378,0,0
23,24,-154,1088413,109839,69796,18311,22951,8336,2027,204378,0,0
23,24,-39,1088413,109839,69796,18311,22951,8336,2027,204378,0,0
23,24,11,1088413,109839,69796,18311,22951,8336,2027,204378,0,0
20,14,42,1268985,226991,13879,29790,17576,9527,1693,178985,0,0
20,14,-12,1268985,226991,13879,29790,17576,9527,1693,178985,0,0
20,14,-78,1268985,226991,13879,29790,17576,9527,1693,178985,0,0
20,14,-98,1268985,226991,13879,29790,17576,9527,1693,178985,0,0
20,14,-11,1268985,226991,13879,29790,17576,9527,1693,178985,0,0
20,14,-19,1268985,226991,13879,29790,17576,9527,1693,178985,0,0
20,14,172,1268985,226991,13879,29790,17576,9527,1693,178985,0,0
20,14,106,1268985,226991,13879,29790,17576,9527,1693,178985,0,0
13,34,57,276067,45575,17984,10414,2560,1490,513,48539,0,0
13,34,-54,276067,45575,17984,10414,2560,1490,513,48539,0,0
13,34,28,276067,45575,17984,10414,2560,1490,513,48539,0,0
13,34,-43,276067,45575,17984,10414,2560,1490,513,48539,0,0
13,34,-98,276067,45575,17984,10414,2560,1490,513,48539,0,0
13,34,-130,276067,45575,17984,10414,2560,1490,513,48539,0,0
13,34,146,276067,45575,17984,10414,2560,1490,513,48539,0,0
13,34,98,276067,45575,17984,10414,2560,1490,513,48539,0,0
24,61,-54,1376010,33935,20152,4561,2319,3422,718,48040,0,0
24,61,250,1376010,33935,20152,4561,2319,3422,718,48040,0,0
24,61,115,1376010,33935,20152,4561,2319,3422,718,48040,0,0
24,61,99,1376010,33935,20152,4561,2319,3422,718,48040,0,0
24,61,-34,1376010,33935,20152,4561,2319,3422,718,48040,0,0
24,61,18,1376010,33935,20152,4561,2319,3422,718,48040,0,0
24,61,-8,1376010,33935,20152,4561,2319,3422,718,48040,0,0
24,61,-18,1376010,33935,20152,4561,2319,3422,718,48040,0,0
35,63,17,2206297,55866,25707,24875,3996,10959,3284,206543,0,0
35,63,-6,2206297,55866,25707,24875,3996,10959,3284,206543,0,0
35,63,-116,2206297,55866,25707,24875,3996,10959,3284,206543,0,0
35,63,197,2206297,55866,25707,24875,3996,10959,3284,206543,0,0
35,63,274,2206297,55866,25707,24875,3996,10959,3284,206543,0,0
35,63,165,2206297,55866,25707,24875,3996,10959,3284,206543,0,0
35,63,152,2206297,55866,25707,24875,3996,10959,3284,206543,0,0
35,63,106,2206297,55866,25707,24875,3996,10959,3284,206543,0,0
60,74,133,118119,13680,5581,1803,3217,5628,586,49020,0,0
60,74,153,118119,13680,5581,1803,3217,5628,586,49020,0,0
60,74,177,118119,13680,5581,1803,3217,5628,586,49020,0,0
60,74,35,118119,13680,5581,1803,3217,5628,586,49020,0,0
60,74,103,118119,13680,5581,1803,3217,5628,586,49020,0,0
60,74,-60,118119,13680,5581,1803,3217,5628,586,49020,0,0
60,74,-83,118119,13680,5581,1803,3217,5628,586,49020,0,0
60,74,51,118119,13680,5581,1803,3217,5628,586,49020,0,0
66,60,4,614796,131967,15962,12560,9756,4984,1644,181508,0,0
66,60,22,614796,131967,15962,12560,9756,4984,1644,181508,0,0
66,60,34,614796,131967,15962,12560,9756,4984,1644,181508,0,0
66,60,-217,614796,131967,15962,12560,9756,4984,1644,181508,0,0
66,60,-76,614796,131967,15962,12560,9756,4984,1644,181508,0,0
66,60,13,614796,131967,15962,12560,9756,4984,1644,181508,0,0
66,60,-40,614796,131967,15962,12560,9756,4984,1644,181508,0,0
66,60,105,614796,131967,15962,12560,9756,4984,1644,181508,0,0
51,51,10,660448,263824,70022,15352,15353,5724,1685,196974,0,0
51,51,-98,660448,263824,70022,15352,15353,5724,1685,196974,0,0
51,51,34,660448,263824,70022,15352,15353,5724,1685,196974,0,0
51,51,-78,660448,263824,70022,15352,15353,5724,1685,196974,0,0
51,51,-193,660448,263824,70022,15352,15353,5724,1685,196974,0,0
51,51,120,660448,263824,70022,15352,15353,5724,1685,196974,0,0
51,51,144,660448,263824,70022,15352,15353,5724,1685,196974,0,0
51,51,39,660448,263824,70022,15352,15353,5724,1685,196974,0,0
63,56,84,1588263,266954,552280,85294,52373,214419,40508,1212680,0,0
63,56,-18,1588263,266954,552280,85294,52373,214419,40508,1212680,0,0
63,56,-157,1588263,266954,552280,85294,52373,214419,40508,1212680,0,0
63,56,50,1588263,266954,552280,85294,52373,214419,40508,1212680,0,0
63,56,-151,1588263,266954,552280,85294,52373,214419,40508,1212680,0,0
63,56,-90,1588263,266954,552280,85294,52373,214419,40508,1212680,0,0
63,56,-4,1588263,266954,552280,85294,52373,214419,40508,1212680,0,0
63,56,68,1588263,266954,552280,85294,52373,214419,40508,1212680,0,0
53,64,-108,1284508,933717,814895,95292,26464,214003,15249,2335315,0,0
